{
  "lstm_train": [
    0.443872,
    0.113958,
    0.05546,
    0.051603,
    0.043803,
    0.03562,
    0.037833,
    0.033093,
    0.031621,
    0.035151,
    0.031172,
    0.028647,
    0.02887,
    0.027922,
    0.026983,
    0.029291,
    0.028023,
    0.027511,
    0.028627,
    0.028373,
    0.024392,
    0.025608
  ],
  "lstm_val": [
    0.111017,
    0.061397,
    0.089882,
    0.076905,
    0.078387,
    0.065478,
    0.071172,
    0.063312,
    0.071459,
    0.053581,
    0.056545,
    0.042656,
    0.044267,
    0.070639,
    0.064724,
    0.060335,
    0.043074,
    0.042881,
    0.063313,
    0.064998,
    0.052588,
    0.045376
  ],
  "gru_train": [
    0.214467,
    0.06396,
    0.046393,
    0.044017,
    0.043049,
    0.036522,
    0.036354,
    0.032138,
    0.030498,
    0.033323,
    0.029404,
    0.030233,
    0.029611,
    0.02716,
    0.028689,
    0.029744,
    0.024563,
    0.027028,
    0.02637,
    0.027153,
    0.025435,
    0.0259,
    0.02583
  ],
  "gru_val": [
    0.072788,
    0.041957,
    0.038727,
    0.028466,
    0.025468,
    0.025123,
    0.020918,
    0.028061,
    0.021544,
    0.026479,
    0.028617,
    0.020575,
    0.020554,
    0.023135,
    0.024317,
    0.030884,
    0.028815,
    0.028632,
    0.025934,
    0.025192,
    0.022973,
    0.033398,
    0.036237
  ],
  "lstm_best_epoch": 12,
  "gru_best_epoch": 13
}